Source,Type,Target,Weight
Абабков,Undirected,Амвросий,1
Абабков,Undirected,Арчибальд Арчибальдович,1
Абабков,Undirected,Берлиоз,1
Абабков,Undirected,Глухарев,1
Абабков,Undirected,Двубратский,1
Абабков,Undirected,Денискин,1
Абабков,Undirected,Желдыбин,1
Абабков,Undirected,Жорж Бенгальский,1
Абабков,Undirected,Загривов,1
Абабков,Undirected,Иван Понырев,1
Абабков,Undirected,Иероним Поприхин,1
Абабков,Undirected,Мстислав Лаврович,1
Абабков,Undirected,Настасья Непременова,1
Абабков,Undirected,Пантелея из буфетной,1
Абабков,Undirected,Сашка Рюхин,1
Абабков,Undirected,Фока,1
Абабков,Undirected,швейцар Николай,1
Абадонна,Undirected,Азазелло,2
Абадонна,Undirected,Бегемот,2
Абадонна,Undirected,Берлиоз,1
Абадонна,Undirected,Воланд,2
Абадонна,Undirected,Гелла,2
Абадонна,Undirected,Жак,1
Абадонна,Undirected,Кот,2
Абадонна,Undirected,Маргарита Николаевна,2
Абадонна,Undirected,Минкина,1
Абадонна,Undirected,Наташа,2
Абадонна,Undirected,Роберт,1
Абадонна,Undirected,Рудольф,1
Абадонна,Undirected,Тофана,1
Абадонна,Undirected,Фагот-Коровьев,2
Абадонна,Undirected,Фрида,1
Абадонна,Undirected,барон Майгель,1
Азазелло,Undirected,Алоизий Могарыч,1
Азазелло,Undirected,Андрей Соков,1
Азазелло,Undirected,Анна Францевна,1
Азазелло,Undirected,Аннушка,2
Азазелло,Undirected,Анфиса,1
Азазелло,Undirected,Аркадий Аполлонович,1
Азазелло,Undirected,Бегемот,6
Азазелло,Undirected,Берлиоз,2
Азазелло,Undirected,Воланд,9
Азазелло,Undirected,Гелла,4
Азазелло,Undirected,Григорий Римский,1
Азазелло,Undirected,Груня,1
Азазелло,Undirected,Жак,1
Азазелло,Undirected,Иван Варенуха,2
Азазелло,Undirected,Иван Понырев,4
Азазелло,Undirected,Китайцев,1
Азазелло,Undirected,Кот,5
Азазелло,Undirected,Ксения Никитишна,1
Азазелло,Undirected,Левий Матвей,2
Азазелло,Undirected,Максимилиан Поплавский,1
Азазелло,Undirected,Маргарита Николаевна,8
Азазелло,Undirected,Мастер,1
Азазелло,Undirected,Минкина,1
Азазелло,Undirected,Наташа,5
Азазелло,Undirected,Николай Иванович,3
Азазелло,Undirected,Понтий Пилат,1
Азазелло,Undirected,Прасковья Федоровна,1
Азазелло,Undirected,Роберт,1
Азазелло,Undirected,Рудольф,1
Азазелло,Undirected,Степан Лиходеев,2
Азазелло,Undirected,Тофана,1
Азазелло,Undirected,Фагот-Коровьев,7
Азазелло,Undirected,Фрида,2
Азазелло,Undirected,барон Майгель,2
Азазелло,Undirected,критик Латунский,1
Азазелло,Undirected,профессор Кузьмин,1
Азазелло,Undirected,рыжий гражданин,1
Алоизий Могарыч,Undirected,Аннушка,1
Алоизий Могарыч,Undirected,Бегемот,1
Алоизий Могарыч,Undirected,Берлиоз,1
Алоизий Могарыч,Undirected,Воланд,2
Алоизий Могарыч,Undirected,Гелла,1
Алоизий Могарыч,Undirected,Иван Варенуха,2
Алоизий Могарыч,Undirected,Иван Понырев,3
Алоизий Могарыч,Undirected,Кот,2
Алоизий Могарыч,Undirected,Маргарита Николаевна,2
Алоизий Могарыч,Undirected,Мастер,1
Алоизий Могарыч,Undirected,Наташа,1
Алоизий Могарыч,Undirected,Никанор Босой,1
Алоизий Могарыч,Undirected,Николай Иванович,1
Алоизий Могарыч,Undirected,Понтий Пилат,3
Алоизий Могарыч,Undirected,Прасковья Федоровна,1
Алоизий Могарыч,Undirected,Степан Лиходеев,1
Алоизий Могарыч,Undirected,Фагот-Коровьев,2
Алоизий Могарыч,Undirected,Фрида,1
Амвросий,Undirected,Арчибальд Арчибальдович,1
Амвросий,Undirected,Берлиоз,1
Амвросий,Undirected,Глухарев,1
Амвросий,Undirected,Двубратский,1
Амвросий,Undirected,Денискин,1
Амвросий,Undirected,Желдыбин,1
Амвросий,Undirected,Жорж Бенгальский,1
Амвросий,Undirected,Загривов,1
Амвросий,Undirected,Иван Понырев,1
Амвросий,Undirected,Иероним Поприхин,1
Амвросий,Undirected,Мстислав Лаврович,1
Амвросий,Undirected,Настасья Непременова,1
Амвросий,Undirected,Пантелея из буфетной,1
Амвросий,Undirected,Сашка Рюхин,1
Амвросий,Undirected,Фока,1
Амвросий,Undirected,швейцар Николай,1
Андрей Соков,Undirected,Воланд,1
Андрей Соков,Undirected,Гелла,1
Андрей Соков,Undirected,Кот,1
Андрей Соков,Undirected,Ксения Никитишна,1
Андрей Соков,Undirected,Максимилиан Поплавский,1
Андрей Соков,Undirected,Фагот-Коровьев,1
Андрей Соков,Undirected,барон Майгель,1
Андрей Соков,Undirected,профессор Кузьмин,1
Анна Ричардовна,Undirected,Василий Ласточкин,1
Анна Ричардовна,Undirected,Косарчук,1
Анна Ричардовна,Undirected,Прохор Петрович,1
Анна Ричардовна,Undirected,курьер Карпов,1
Анна Францевна,Undirected,Анфиса,1
Анна Францевна,Undirected,Берлиоз,1
Анна Францевна,Undirected,Воланд,1
Анна Францевна,Undirected,Григорий Римский,1
Анна Францевна,Undirected,Груня,1
Анна Францевна,Undirected,Иван Понырев,1
Анна Францевна,Undirected,Кот,1
Анна Францевна,Undirected,Степан Лиходеев,1
Аннушка,Undirected,Аркадий Аполлонович,1
Аннушка,Undirected,Бегемот,1
Аннушка,Undirected,Берлиоз,4
Аннушка,Undirected,Воланд,3
Аннушка,Undirected,Гелла,1
Аннушка,Undirected,Девушка с мочалкой,1
Аннушка,Undirected,Иван Варенуха,2
Аннушка,Undirected,Иван Понырев,6
Аннушка,Undirected,Иосиф Каифа,1
Аннушка,Undirected,Киевский дядя,1
Аннушка,Undirected,Китайцев,1
Аннушка,Undirected,Кот,2
Аннушка,Undirected,Маргарита Николаевна,2
Аннушка,Undirected,Наташа,1
Аннушка,Undirected,Николай Иванович,2
Аннушка,Undirected,Понтий Пилат,4
Аннушка,Undirected,Регент,1
Аннушка,Undirected,Степан Лиходеев,1
Аннушка,Undirected,Фагот-Коровьев,2
Аннушка,Undirected,Фрида,1
Аннушка,Undirected,Фёдор Васильевич,1
Аннушка,Undirected,доктор Стравинский,1
Антонида Порфирьевна,Undirected,Арчибальд Арчибальдович,1
Антонида Порфирьевна,Undirected,Бегемот,1
Антонида Порфирьевна,Undirected,Боба Кандалупский,1
Антонида Порфирьевна,Undirected,Павел Иосифович,1
Антонида Порфирьевна,Undirected,Панаев,1
Антонида Порфирьевна,Undirected,Петраков-Суховей,1
Антонида Порфирьевна,Undirected,Петракова,1
Антонида Порфирьевна,Undirected,Софья Павловна,1
Антонида Порфирьевна,Undirected,Фагот-Коровьев,1
Анфиса,Undirected,Берлиоз,1
Анфиса,Undirected,Воланд,1
Анфиса,Undirected,Григорий Римский,1
Анфиса,Undirected,Груня,1
Анфиса,Undirected,Иван Понырев,1
Анфиса,Undirected,Кот,1
Анфиса,Undirected,Степан Лиходеев,1
Аркадий Аполлонович,Undirected,Воланд,1
Аркадий Аполлонович,Undirected,Иван Варенуха,1
Аркадий Аполлонович,Undirected,Иван Понырев,1
Аркадий Аполлонович,Undirected,Китайцев,1
Аркадий Аполлонович,Undirected,Маргарита Николаевна,1
Аркадий Аполлонович,Undirected,Николай Иванович,1
Аркадий Аполлонович,Undirected,Степан Лиходеев,1
Аркадий Аполлонович,Undirected,Фагот-Коровьев,1
Аркадий Семплеяров,Undirected,Бегемот,1
Аркадий Семплеяров,Undirected,Воланд,1
Аркадий Семплеяров,Undirected,Григорий Римский,1
Аркадий Семплеяров,Undirected,Жорж Бенгальский,1
Аркадий Семплеяров,Undirected,Кот,1
Аркадий Семплеяров,Undirected,Фагот-Коровьев,1
Арчибальд Арчибальдович,Undirected,Бегемот,1
Арчибальд Арчибальдович,Undirected,Берлиоз,2
Арчибальд Арчибальдович,Undirected,Боба Кандалупский,1
Арчибальд Арчибальдович,Undirected,Глухарев,1
Арчибальд Арчибальдович,Undirected,Двубратский,1
Арчибальд Арчибальдович,Undirected,Денискин,1
Арчибальд Арчибальдович,Undirected,Желдыбин,1
Арчибальд Арчибальдович,Undirected,Жорж Бенгальский,1
Арчибальд Арчибальдович,Undirected,Загривов,1
Арчибальд Арчибальдович,Undirected,Иван Понырев,2
Арчибальд Арчибальдович,Undirected,Иероним Поприхин,1
Арчибальд Арчибальдович,Undirected,Мстислав Лаврович,1
Арчибальд Арчибальдович,Undirected,Настасья Непременова,1
Арчибальд Арчибальдович,Undirected,Павел Иосифович,1
Арчибальд Арчибальдович,Undirected,Панаев,1
Арчибальд Арчибальдович,Undirected,Пантелея из буфетной,1
Арчибальд Арчибальдович,Undirected,Петраков-Суховей,1
Арчибальд Арчибальдович,Undirected,Петракова,1
Арчибальд Арчибальдович,Undirected,Понтий Пилат,1
Арчибальд Арчибальдович,Undirected,Сашка Рюхин,2
Арчибальд Арчибальдович,Undirected,Софья Павловна,1
Арчибальд Арчибальдович,Undirected,Фагот-Коровьев,1
Арчибальд Арчибальдович,Undirected,Фока,1
Арчибальд Арчибальдович,Undirected,швейцар Николай,1
Афраний,Undirected,Вар-Равван,1
Афраний,Undirected,Га-Ноцри,2
Афраний,Undirected,Иосиф Каифа,1
Афраний,Undirected,Ирод великий,2
Афраний,Undirected,Иуда,2
Афраний,Undirected,Крысобой,1
Афраний,Undirected,Левий Матвей,1
Афраний,Undirected,Понтий Пилат,2
Бегемот,Undirected,Берлиоз,1
Бегемот,Undirected,Боба Кандалупский,1
Бегемот,Undirected,Воланд,6
Бегемот,Undirected,Гелла,3
Бегемот,Undirected,Григорий Римский,1
Бегемот,Undirected,Жак,1
Бегемот,Undirected,Жорж Бенгальский,1
Бегемот,Undirected,Иван Варенуха,1
Бегемот,Undirected,Иван Понырев,1
Бегемот,Undirected,Кот,4
Бегемот,Undirected,Левий Матвей,1
Бегемот,Undirected,Маргарита Николаевна,5
Бегемот,Undirected,Мастер,1
Бегемот,Undirected,Минкина,1
Бегемот,Undirected,Наташа,4
Бегемот,Undirected,Николай Иванович,1
Бегемот,Undirected,Павел Иосифович,1
Бегемот,Undirected,Панаев,1
Бегемот,Undirected,Петраков-Суховей,1
Бегемот,Undirected,Петракова,1
Бегемот,Undirected,Понтий Пилат,1
Бегемот,Undirected,Роберт,1
Бегемот,Undirected,Рудольф,1
Бегемот,Undirected,Софья Павловна,1
Бегемот,Undirected,Тофана,1
Бегемот,Undirected,Фагот-Коровьев,7
Бегемот,Undirected,Фрида,2
Бегемот,Undirected,барон Майгель,1
Бегемот,Undirected,критик Латунский,1
Бегемот,Undirected,рыжий гражданин,1
Берлиоз,Undirected,Воланд,4
Берлиоз,Undirected,Га-Ноцри,1
Берлиоз,Undirected,Гелла,1
Берлиоз,Undirected,Глухарев,1
Берлиоз,Undirected,Григорий Римский,1
Берлиоз,Undirected,Груня,1
Берлиоз,Undirected,Двубратский,1
Берлиоз,Undirected,Девушка с мочалкой,1
Берлиоз,Undirected,Денискин,1
Берлиоз,Undirected,Жак,1
Берлиоз,Undirected,Желдыбин,1
Берлиоз,Undirected,Жорж Бенгальский,1
Берлиоз,Undirected,Загривов,1
Берлиоз,Undirected,Иван Варенуха,1
Берлиоз,Undirected,Иван Понырев,9
Берлиоз,Undirected,Иероним Поприхин,1
Берлиоз,Undirected,Иосиф Каифа,1
Берлиоз,Undirected,Киевский дядя,1
Берлиоз,Undirected,Кот,3
Берлиоз,Undirected,Маргарита Николаевна,2
Берлиоз,Undirected,Мастер,1
Берлиоз,Undirected,Минкина,1
Берлиоз,Undirected,Мстислав Лаврович,1
Берлиоз,Undirected,Настасья Непременова,1
Берлиоз,Undirected,Наташа,1
Берлиоз,Undirected,Никанор Босой,1
Берлиоз,Undirected,Пантелея из буфетной,1
Берлиоз,Undirected,Понтий Пилат,6
Берлиоз,Undirected,Прасковья Федоровна,1
Берлиоз,Undirected,Регент,1
Берлиоз,Undirected,Роберт,1
Берлиоз,Undirected,Рудольф,1
Берлиоз,Undirected,Сашка Рюхин,2
Берлиоз,Undirected,Степан Лиходеев,2
Берлиоз,Undirected,Тофана,1
Берлиоз,Undirected,Фагот-Коровьев,2
Берлиоз,Undirected,Фока,1
Берлиоз,Undirected,Фрида,1
Берлиоз,Undirected,Фёдор Васильевич,1
Берлиоз,Undirected,барон Майгель,1
Берлиоз,Undirected,доктор Стравинский,1
Берлиоз,Undirected,швейцар Николай,1
Боба Кандалупский,Undirected,Павел Иосифович,1
Боба Кандалупский,Undirected,Панаев,1
Боба Кандалупский,Undirected,Петраков-Суховей,1
Боба Кандалупский,Undirected,Петракова,1
Боба Кандалупский,Undirected,Софья Павловна,1
Боба Кандалупский,Undirected,Фагот-Коровьев,1
Вар-Равван,Undirected,Великан,1
Вар-Равван,Undirected,Га-Ноцри,3
Вар-Равван,Undirected,Гестас,2
Вар-Равван,Undirected,Иосиф Каифа,2
Вар-Равван,Undirected,Ирод великий,2
Вар-Равван,Undirected,Иуда,2
Вар-Равван,Undirected,Крысобой,2
Вар-Равван,Undirected,Левий Матвей,2
Вар-Равван,Undirected,Понтий Пилат,3
Василий Ласточкин,Undirected,Косарчук,1
Василий Ласточкин,Undirected,Прохор Петрович,1
Василий Ласточкин,Undirected,курьер Карпов,1
Великан,Undirected,Га-Ноцри,1
Великан,Undirected,Гестас,1
Великан,Undirected,Иосиф Каифа,1
Великан,Undirected,Ирод великий,1
Великан,Undirected,Иуда,1
Великан,Undirected,Крысобой,1
Великан,Undirected,Левий Матвей,1
Великан,Undirected,Понтий Пилат,1
Воланд,Undirected,Гелла,4
Воланд,Undirected,Григорий Римский,2
Воланд,Undirected,Груня,1
Воланд,Undirected,Жак,1
Воланд,Undirected,Жорж Бенгальский,1
Воланд,Undirected,Иван Варенуха,4
Воланд,Undirected,Иван Понырев,6
Воланд,Undirected,Китайцев,1
Воланд,Undirected,Кот,6
Воланд,Undirected,Ксения Никитишна,1
Воланд,Undirected,Левий Матвей,2
Воланд,Undirected,Максимилиан Поплавский,1
Воланд,Undirected,Маргарита Николаевна,7
Воланд,Undirected,Мастер,1
Воланд,Undirected,Минкина,1
Воланд,Undirected,Наташа,3
Воланд,Undirected,Никанор Босой,1
Воланд,Undirected,Николай Иванович,2
Воланд,Undirected,Понтий Пилат,2
Воланд,Undirected,Прасковья Федоровна,1
Воланд,Undirected,Роберт,1
Воланд,Undirected,Рудольф,1
Воланд,Undirected,Степан Лиходеев,4
Воланд,Undirected,Тофана,1
Воланд,Undirected,Фагот-Коровьев,10
Воланд,Undirected,Фрида,2
Воланд,Undirected,барон Майгель,2
Воланд,Undirected,профессор Кузьмин,1
Га-Ноцри,Undirected,Гестас,2
Га-Ноцри,Undirected,Иван Понырев,1
Га-Ноцри,Undirected,Иосиф Каифа,2
Га-Ноцри,Undirected,Ирод великий,3
Га-Ноцри,Undirected,Иуда,3
Га-Ноцри,Undirected,Крысобой,3
Га-Ноцри,Undirected,Левий Матвей,3
Га-Ноцри,Undirected,Понтий Пилат,5
Га-Ноцри,Undirected,Прасковья Федоровна,1
Гелла,Undirected,Жак,1
Гелла,Undirected,Иван Варенуха,1
Гелла,Undirected,Иван Понырев,1
Гелла,Undirected,Кот,4
Гелла,Undirected,Ксения Никитишна,1
Гелла,Undirected,Максимилиан Поплавский,1
Гелла,Undirected,Маргарита Николаевна,3
Гелла,Undirected,Минкина,1
Гелла,Undirected,Наташа,3
Гелла,Undirected,Николай Иванович,1
Гелла,Undirected,Понтий Пилат,1
Гелла,Undirected,Роберт,1
Гелла,Undirected,Рудольф,1
Гелла,Undirected,Тофана,1
Гелла,Undirected,Фагот-Коровьев,4
Гелла,Undirected,Фрида,2
Гелла,Undirected,барон Майгель,2
Гелла,Undirected,профессор Кузьмин,1
Гестас,Undirected,Иосиф Каифа,1
Гестас,Undirected,Ирод великий,1
Гестас,Undirected,Иуда,1
Гестас,Undirected,Крысобой,2
Гестас,Undirected,Левий Матвей,2
Гестас,Undirected,Понтий Пилат,2
Глухарев,Undirected,Двубратский,1
Глухарев,Undirected,Денискин,1
Глухарев,Undirected,Желдыбин,1
Глухарев,Undirected,Жорж Бенгальский,1
Глухарев,Undirected,Загривов,1
Глухарев,Undirected,Иван Понырев,1
Глухарев,Undirected,Иероним Поприхин,1
Глухарев,Undirected,Мстислав Лаврович,1
Глухарев,Undirected,Настасья Непременова,1
Глухарев,Undirected,Пантелея из буфетной,1
Глухарев,Undirected,Сашка Рюхин,1
Глухарев,Undirected,Фока,1
Глухарев,Undirected,швейцар Николай,1
Григорий Римский,Undirected,Груня,1
Григорий Римский,Undirected,Жорж Бенгальский,1
Григорий Римский,Undirected,Иван Варенуха,1
Григорий Римский,Undirected,Иван Понырев,1
Григорий Римский,Undirected,Кот,2
Григорий Римский,Undirected,Никанор Босой,1
Григорий Римский,Undirected,Пелагея Антоновна,1
Григорий Римский,Undirected,Степан Лиходеев,3
Григорий Римский,Undirected,Тимофей Квасцов,1
Григорий Римский,Undirected,Фагот-Коровьев,2
Груня,Undirected,Иван Понырев,1
Груня,Undirected,Кот,1
Груня,Undirected,Степан Лиходеев,1
Двубратский,Undirected,Денискин,1
Двубратский,Undirected,Желдыбин,1
Двубратский,Undirected,Жорж Бенгальский,1
Двубратский,Undirected,Загривов,1
Двубратский,Undirected,Иван Понырев,1
Двубратский,Undirected,Иероним Поприхин,1
Двубратский,Undirected,Мстислав Лаврович,1
Двубратский,Undirected,Настасья Непременова,1
Двубратский,Undirected,Пантелея из буфетной,1
Двубратский,Undirected,Сашка Рюхин,1
Двубратский,Undirected,Фока,1
Двубратский,Undirected,швейцар Николай,1
Девушка с мочалкой,Undirected,Иван Понырев,1
Девушка с мочалкой,Undirected,Кот,1
Девушка с мочалкой,Undirected,Понтий Пилат,1
Девушка с мочалкой,Undirected,Регент,1
Денискин,Undirected,Желдыбин,1
Денискин,Undirected,Жорж Бенгальский,1
Денискин,Undirected,Загривов,1
Денискин,Undirected,Иван Понырев,1
Денискин,Undirected,Иероним Поприхин,1
Денискин,Undirected,Мстислав Лаврович,1
Денискин,Undirected,Настасья Непременова,1
Денискин,Undirected,Пантелея из буфетной,1
Денискин,Undirected,Сашка Рюхин,1
Денискин,Undirected,Фока,1
Денискин,Undirected,швейцар Николай,1
Жак,Undirected,Кот,1
Жак,Undirected,Маргарита Николаевна,1
Жак,Undirected,Минкина,1
Жак,Undirected,Наташа,1
Жак,Undirected,Роберт,1
Жак,Undirected,Рудольф,1
Жак,Undirected,Тофана,1
Жак,Undirected,Фагот-Коровьев,1
Жак,Undirected,Фрида,1
Жак,Undirected,барон Майгель,1
Желдыбин,Undirected,Жорж Бенгальский,1
Желдыбин,Undirected,Загривов,1
Желдыбин,Undirected,Иван Понырев,1
Желдыбин,Undirected,Иероним Поприхин,1
Желдыбин,Undirected,Мстислав Лаврович,1
Желдыбин,Undirected,Настасья Непременова,1
Желдыбин,Undirected,Пантелея из буфетной,1
Желдыбин,Undirected,Сашка Рюхин,1
Желдыбин,Undirected,Фока,1
Желдыбин,Undirected,швейцар Николай,1
Жорж Бенгальский,Undirected,Загривов,1
Жорж Бенгальский,Undirected,Иван Понырев,1
Жорж Бенгальский,Undirected,Иероним Поприхин,1
Жорж Бенгальский,Undirected,Кот,1
Жорж Бенгальский,Undirected,Мстислав Лаврович,1
Жорж Бенгальский,Undirected,Настасья Непременова,1
Жорж Бенгальский,Undirected,Пантелея из буфетной,1
Жорж Бенгальский,Undirected,Сашка Рюхин,1
Жорж Бенгальский,Undirected,Фагот-Коровьев,1
Жорж Бенгальский,Undirected,Фока,1
Жорж Бенгальский,Undirected,швейцар Николай,1
Загривов,Undirected,Иван Понырев,1
Загривов,Undirected,Иероним Поприхин,1
Загривов,Undirected,Мстислав Лаврович,1
Загривов,Undirected,Настасья Непременова,1
Загривов,Undirected,Пантелея из буфетной,1
Загривов,Undirected,Сашка Рюхин,1
Загривов,Undirected,Фока,1
Загривов,Undirected,швейцар Николай,1
Иван Варенуха,Undirected,Иван Понырев,3
Иван Варенуха,Undirected,Китайцев,1
Иван Варенуха,Undirected,Кот,1
Иван Варенуха,Undirected,Маргарита Николаевна,3
Иван Варенуха,Undirected,Мастер,1
Иван Варенуха,Undirected,Наташа,1
Иван Варенуха,Undirected,Никанор Босой,1
Иван Варенуха,Undirected,Николай Иванович,2
Иван Варенуха,Undirected,Понтий Пилат,2
Иван Варенуха,Undirected,Степан Лиходеев,4
Иван Варенуха,Undirected,Фагот-Коровьев,4
Иван Варенуха,Undirected,Фрида,1
Иван Понырев,Undirected,Иероним Поприхин,1
Иван Понырев,Undirected,Иосиф Каифа,1
Иван Понырев,Undirected,Киевский дядя,1
Иван Понырев,Undirected,Китайцев,1
Иван Понырев,Undirected,Кот,4
Иван Понырев,Undirected,Левий Матвей,1
Иван Понырев,Undirected,Маргарита Николаевна,4
Иван Понырев,Undirected,Мастер,1
Иван Понырев,Undirected,Мстислав Лаврович,1
Иван Понырев,Undirected,Настасья Непременова,1
Иван Понырев,Undirected,Наташа,1
Иван Понырев,Undirected,Никанор Босой,1
Иван Понырев,Undirected,Николай Иванович,2
Иван Понырев,Undirected,Пантелея из буфетной,1
Иван Понырев,Undirected,Понтий Пилат,8
Иван Понырев,Undirected,Прасковья Федоровна,3
Иван Понырев,Undirected,Регент,1
Иван Понырев,Undirected,Сашка Рюхин,2
Иван Понырев,Undirected,Степан Лиходеев,3
Иван Понырев,Undirected,Фагот-Коровьев,3
Иван Понырев,Undirected,Фока,1
Иван Понырев,Undirected,Фрида,1
Иван Понырев,Undirected,Фёдор Васильевич,1
Иван Понырев,Undirected,доктор Стравинский,1
Иван Понырев,Undirected,швейцар Николай,1
Иероним Поприхин,Undirected,Мстислав Лаврович,1
Иероним Поприхин,Undirected,Настасья Непременова,1
Иероним Поприхин,Undirected,Пантелея из буфетной,1
Иероним Поприхин,Undirected,Сашка Рюхин,1
Иероним Поприхин,Undirected,Фока,1
Иероним Поприхин,Undirected,швейцар Николай,1
Иосиф Каифа,Undirected,Ирод великий,2
Иосиф Каифа,Undirected,Иуда,2
Иосиф Каифа,Undirected,Киевский дядя,1
Иосиф Каифа,Undirected,Крысобой,1
Иосиф Каифа,Undirected,Левий Матвей,1
Иосиф Каифа,Undirected,Понтий Пилат,3
Ирод великий,Undirected,Иуда,3
Ирод великий,Undirected,Крысобой,2
Ирод великий,Undirected,Левий Матвей,2
Ирод великий,Undirected,Понтий Пилат,3
Иуда,Undirected,Крысобой,2
Иуда,Undirected,Левий Матвей,2
Иуда,Undirected,Понтий Пилат,3
Канавкин Николай,Undirected,Никанор Босой,1
Канавкин Николай,Undirected,Прасковья Федоровна,1
Канавкин Николай,Undirected,Сергей Дунчиль,1
Канавкин Николай,Undirected,доктор Стравинский,1
Киевский дядя,Undirected,Понтий Пилат,1
Китайцев,Undirected,Маргарита Николаевна,1
Китайцев,Undirected,Николай Иванович,1
Китайцев,Undirected,Степан Лиходеев,1
Китайцев,Undirected,Фагот-Коровьев,1
Косарчук,Undirected,Прохор Петрович,1
Косарчук,Undirected,курьер Карпов,1
Кот,Undirected,Ксения Никитишна,1
Кот,Undirected,Максимилиан Поплавский,1
Кот,Undirected,Маргарита Николаевна,3
Кот,Undirected,Минкина,1
Кот,Undirected,Наташа,3
Кот,Undirected,Николай Иванович,1
Кот,Undirected,Понтий Пилат,3
Кот,Undirected,Прасковья Федоровна,1
Кот,Undirected,Регент,1
Кот,Undirected,Роберт,1
Кот,Undirected,Рудольф,1
Кот,Undirected,Степан Лиходеев,1
Кот,Undirected,Тофана,1
Кот,Undirected,Фагот-Коровьев,5
Кот,Undirected,Фрида,2
Кот,Undirected,барон Майгель,2
Кот,Undirected,профессор Кузьмин,1
Крысобой,Undirected,Левий Матвей,3
Крысобой,Undirected,Понтий Пилат,3
Ксения Никитишна,Undirected,Максимилиан Поплавский,1
Ксения Никитишна,Undirected,Фагот-Коровьев,1
Ксения Никитишна,Undirected,барон Майгель,1
Ксения Никитишна,Undirected,профессор Кузьмин,1
Левий Матвей,Undirected,Маргарита Николаевна,1
Левий Матвей,Undirected,Понтий Пилат,3
Левий Матвей,Undirected,Прасковья Федоровна,1
Левий Матвей,Undirected,Фагот-Коровьев,1
Максимилиан Поплавский,Undirected,Фагот-Коровьев,1
Максимилиан Поплавский,Undirected,барон Майгель,1
Максимилиан Поплавский,Undirected,профессор Кузьмин,1
Маргарита Николаевна,Undirected,Мастер,2
Маргарита Николаевна,Undirected,Минкина,1
Маргарита Николаевна,Undirected,Наташа,6
Маргарита Николаевна,Undirected,Никанор Босой,1
Маргарита Николаевна,Undirected,Николай Иванович,4
Маргарита Николаевна,Undirected,Пелагея Антоновна,1
Маргарита Николаевна,Undirected,Понтий Пилат,2
Маргарита Николаевна,Undirected,Прасковья Федоровна,1
Маргарита Николаевна,Undirected,Роберт,1
Маргарита Николаевна,Undirected,Рудольф,1
Маргарита Николаевна,Undirected,Степан Лиходеев,2
Маргарита Николаевна,Undirected,Тофана,1
Маргарита Николаевна,Undirected,Фагот-Коровьев,6
Маргарита Николаевна,Undirected,Фрида,2
Маргарита Николаевна,Undirected,барон Майгель,1
Маргарита Николаевна,Undirected,критик Латунский,2
Маргарита Николаевна,Undirected,рыжий гражданин,1
Мастер,Undirected,Наташа,1
Мастер,Undirected,Никанор Босой,1
Мастер,Undirected,Понтий Пилат,1
Мастер,Undirected,Степан Лиходеев,1
Мастер,Undirected,Фагот-Коровьев,1
Мастер,Undirected,критик Латунский,1
Мастер,Undirected,рыжий гражданин,1
Минкина,Undirected,Наташа,1
Минкина,Undirected,Роберт,1
Минкина,Undirected,Рудольф,1
Минкина,Undirected,Тофана,1
Минкина,Undirected,Фагот-Коровьев,1
Минкина,Undirected,Фрида,1
Минкина,Undirected,барон Майгель,1
Мстислав Лаврович,Undirected,Настасья Непременова,1
Мстислав Лаврович,Undirected,Пантелея из буфетной,1
Мстислав Лаврович,Undirected,Сашка Рюхин,1
Мстислав Лаврович,Undirected,Фока,1
Мстислав Лаврович,Undirected,швейцар Николай,1
Настасья Непременова,Undirected,Пантелея из буфетной,1
Настасья Непременова,Undirected,Сашка Рюхин,1
Настасья Непременова,Undirected,Фока,1
Настасья Непременова,Undirected,швейцар Николай,1
Наташа,Undirected,Николай Иванович,3
Наташа,Undirected,Пелагея Антоновна,1
Наташа,Undirected,Понтий Пилат,1
Наташа,Undirected,Роберт,1
Наташа,Undirected,Рудольф,1
Наташа,Undirected,Тофана,1
Наташа,Undirected,Фагот-Коровьев,3
Наташа,Undirected,Фрида,2
Наташа,Undirected,барон Майгель,1
Наташа,Undirected,критик Латунский,2
Наташа,Undirected,рыжий гражданин,1
Никанор Босой,Undirected,Пелагея Антоновна,1
Никанор Босой,Undirected,Понтий Пилат,1
Никанор Босой,Undirected,Прасковья Федоровна,1
Никанор Босой,Undirected,Сергей Дунчиль,1
Никанор Босой,Undirected,Степан Лиходеев,2
Никанор Босой,Undirected,Тимофей Квасцов,1
Никанор Босой,Undirected,Фагот-Коровьев,2
Никанор Босой,Undirected,доктор Стравинский,1
Николай Иванович,Undirected,Пелагея Антоновна,1
Николай Иванович,Undirected,Понтий Пилат,1
Николай Иванович,Undirected,Степан Лиходеев,1
Николай Иванович,Undirected,Фагот-Коровьев,2
Николай Иванович,Undirected,Фрида,1
Николай Иванович,Undirected,критик Латунский,1
Павел Иосифович,Undirected,Панаев,1
Павел Иосифович,Undirected,Петраков-Суховей,1
Павел Иосифович,Undirected,Петракова,1
Павел Иосифович,Undirected,Софья Павловна,1
Павел Иосифович,Undirected,Фагот-Коровьев,1
Панаев,Undirected,Петраков-Суховей,1
Панаев,Undirected,Петракова,1
Панаев,Undirected,Софья Павловна,1
Панаев,Undirected,Фагот-Коровьев,1
Пантелея из буфетной,Undirected,Сашка Рюхин,1
Пантелея из буфетной,Undirected,Фока,1
Пантелея из буфетной,Undirected,швейцар Николай,1
Пелагея Антоновна,Undirected,Степан Лиходеев,1
Пелагея Антоновна,Undirected,Тимофей Квасцов,1
Пелагея Антоновна,Undirected,Фагот-Коровьев,1
Пелагея Антоновна,Undirected,критик Латунский,1
Петраков-Суховей,Undirected,Петракова,1
Петраков-Суховей,Undirected,Софья Павловна,1
Петраков-Суховей,Undirected,Фагот-Коровьев,1
Петракова,Undirected,Софья Павловна,1
Петракова,Undirected,Фагот-Коровьев,1
Понтий Пилат,Undirected,Прасковья Федоровна,2
Понтий Пилат,Undirected,Регент,1
Понтий Пилат,Undirected,Сашка Рюхин,1
Понтий Пилат,Undirected,Степан Лиходеев,1
Понтий Пилат,Undirected,Фагот-Коровьев,2
Понтий Пилат,Undirected,Фрида,1
Понтий Пилат,Undirected,Фёдор Васильевич,1
Понтий Пилат,Undirected,доктор Стравинский,1
Прасковья Федоровна,Undirected,Сергей Дунчиль,1
Прасковья Федоровна,Undirected,доктор Стравинский,1
Прохор Петрович,Undirected,курьер Карпов,1
Роберт,Undirected,Рудольф,1
Роберт,Undirected,Тофана,1
Роберт,Undirected,Фагот-Коровьев,1
Роберт,Undirected,Фрида,1
Роберт,Undirected,барон Майгель,1
Рудольф,Undirected,Тофана,1
Рудольф,Undirected,Фагот-Коровьев,1
Рудольф,Undirected,Фрида,1
Рудольф,Undirected,барон Майгель,1
Сашка Рюхин,Undirected,Фока,1
Сашка Рюхин,Undirected,швейцар Николай,1
Сергей Дунчиль,Undirected,доктор Стравинский,1
Софья Павловна,Undirected,Фагот-Коровьев,1
Степан Лиходеев,Undirected,Тимофей Квасцов,1
Степан Лиходеев,Undirected,Фагот-Коровьев,4
Тимофей Квасцов,Undirected,Фагот-Коровьев,1
Тофана,Undirected,Фагот-Коровьев,1
Тофана,Undirected,Фрида,1
Тофана,Undirected,барон Майгель,1
Фагот-Коровьев,Undirected,Фрида,2
Фагот-Коровьев,Undirected,барон Майгель,2
Фагот-Коровьев,Undirected,профессор Кузьмин,1
Фока,Undirected,швейцар Николай,1
Фрида,Undirected,барон Майгель,1
Фёдор Васильевич,Undirected,доктор Стравинский,1
барон Майгель,Undirected,профессор Кузьмин,1
критик Латунский,Undirected,рыжий гражданин,1
